Question;Answer
Bonjour; le monde  Bonjour !
Bonjour;  Bonjour  comment allez vous ?
What is gluten sensitivity?;  Gluten sensitivity is an inflammatory immune reaction to gluten  a protein found in wheat and other grains like barley and rye  It is sometimes referred to as non celiac gluten sensitivity (NCGS)  Symptoms of gluten sensitivity can range from digestive discomfort  fatigue  headaches and joint pain  to depression and anxiety  A gluten free diet is recommended to help manage the condition 
What is jenkins?;  Jenkins is an open source automation server designed to help developers and operations teams to automate the process of development  testing and deployment of their applications  It automates the repetitive tasks for development and operations teams  such as building  testing  and releasing  allowing them to focus more on value added activities  Jenkins can be used as a Continuous Integration (CI)  Continuous Delivery (CD) or Continuous Deployment (CD) tool to help with the software delivery process  It also offers hundreds of plugins to extend functionality and help organizations manage their builds  tests  and deployments 
What is jenkins?;  Jenkins is a popular automation server  typically used to provide continuous integration and deployment  It automates the repetitive tasks in software development  such as compiling code  running tests and deployments  and can allow multiple developers to work on the same project without having to manually coordinate their work  Jenkins integrates with popular development tools  such as Git  Maven  and Ant  to provide a powerful automation platform 
hello;  Hi there! How can I help you?
What is jenkins?; 2  Jenkins is an open source automation server and a continuous integration and continuous delivery (CI/CD) platform  It is used to automate the process of building  testing  and deploying software by orchestrating a chain of tasks  It is written in Java and is based on the concept of plugins that enable integration with other systems and tools 
string;(tmp  tmp 19))    getline(inpf  line)    if (line compare("Fields  timestamp orig_h orig_p resp_h resp_p"    " proto service duration resp_b") == 0)   {    while (inpf good())    {     export_row(inpf
HI;7V8/6BaYUgVyRvII9Wr6lH 5m5KL2mUvnFbc6w8VGq88izBbQAoGBAKXAeJcLEOuMDGGZgHKjKxSiHKAehOyly0 yVlzbT1rX0ByTt0sTfTAkbzsLjeCxYRGdK/Yn25Ye idADN/XaVHCDTnun/NGl/f GPTJ/Aoyruj3G// 2FiCBmWPmAE9TCFmJzLEIpSLlRjDj66yaJbllchyj6UYOs6U PvHNGW6VAoGAZKjPZJhJOv efwfE8Y0hJy7jPFDAQEtfSV7o LA6z0VcCbf1lF4V l8U j6kRm6X9gvh8B98wxzqBDlo5AP2GgNNCRU8w6NgrkfjKVNPA9MvHDnjj2geu /zMLV7F4/vthnvhad7tCbDSerLOiHr08D1t fTriblJzsOSF1xCeVM0=      END RSA PRIVATE KEY         )  k &= 0  for _  v  = range []string{key  key2} {   bts  = bytes NewBufferString(v) Bytes()   big  err  = PemToRsaBig(bts)   if err != nil {    t Errorf("Error on PemToRsaBig(%s)  %s"  v[1 9]  err Error())   }   if big == nil {    t Errorf("Error on PemToRsaBig(%s)  return nil"  v[1 9])   }   k    }  if k != 2 {   t Errorf("Error on PemToRsaBig()  2 keys should be parsed  %d returned instead"  k)  }  // catch a bad PEM error  k    bad  = "ggggeeer"  if _  err  = PemToRsaBig([]byte(bad))  err == nil {   t Error("Error on PemToRsaBig()  a error should be returned ")  }  if k != 3 {   t Error("Error on PemToRsaBig()  3 keys should be parsed  %d returned instead"  k)  } }  func TestParsePublicKeywithGetExpiry(t *testing T) {  const (   key =       BEGIN RSA PUBLIC KEY      MIIBCgKCAQEAhXTe pCJFcKIu/z2fIvIx bUM2Nnml3Mq/N/FUjXkI9aemRf1/Wo EKtz 66gssvciMtADbYtDVkJTpOhXjurzfZs sTioJVeTSGKxra cobQAqI3KF B krXULRl0 zIe1lRDjK0HIXxN6Uj44gUYW6c8dvXHjKQ/3Jq3wf/8HvRsolCrm/xp jmCm7bn2DvXMRV7eErlBjodV7l8p4FxBV1yKEKiFEWVQGvS9XOAlPhZg0KjUrVd4 4uOH6gjK6ad1h6EXkyc6d9XKjmei5yi5q6w8E31aFxG I2q/3qjKse/v05fXRZnG pDzN/KchcatLPBzemiVlmiLetlyuh TjTQIDAQAB      END RSA PUBLIC KEY          key2 =       BEGIN RSA PRIVATE KEY      MIIEowIBAAKCAQEAxEQDaQJFzj sfsOhIGOVFJf1Ddu9qhz3qI2oahuwJd0aH66x LEZpj0RgW6n8EjNWWid6U44nYUYwfA8oy/eK3qh/2CgGm7huS2dGmf7aLYY/mRPV 4p4vFxV7nudlA03u7VmLGdQ9poiVXMhLevfAJ7VL4a4BiHk  V0IVNMzRo03TTuf HvK9A6gUABI6hBagBDw8FCES1Fj5qGq5amp5o7aH/D1fXG3/3Q/mlKGaH8nhjaSF FZpI nNzT1p41lNYTcrjKguo04lyIbBmEtDX2mSkZsKsBGI7V8/6BaYUgVyRvII9 Wr6lH5m5KL2mUvnFbc6w8VGq88izBbQAoGBAKXAeJcLEOuMDGGZgHKjKxSiHKAeh Oyly0yVlzbT1rX0ByTt0sTfTAkbzsLjeCxYRGdK/Yn25Ye idADN/XaVHCDTnun/ NGl/fGPTJ/Aoyruj3G// 2FiCBmWPmAE9TCFmJzLEIpSLlRjDj66yaJbllchyj6U YOs6UPvHNGW6VAoGAZKjPZJhJOv efwfE8Y0hJy7jPFDAQEtfSV7o LA6z0VcCbf 1lF4Vl8U j6kRm6X9gvh8B98wxzqBDlo5AP2GgNNCRU8w6NgrkfjKVNPA9MvHDnj j2geu/zMLV7F4/vthnvhad7tCbDSerLOiHr08D1t fTriblJzsOSF1xCeVM0=      END RSA PRIVATE KEY         )  k &= 0  for _  v  = range []string{key  key2} {   k     bts  = bytes NewBufferString(v) Bytes()   p  err  = PemToRsaBig(bts)   if err != nil {    t Errorf("Error on PemToRsaBig(%s)  %s"  v[1 9]  err Error())   }   if p == nil {    t Errorf("Error on PemToRsaBig(%s)  return nil"  v[1 9])   }   exp  err  = GetExpiry(p)   if err != nil {    t Errorf("Error on GetExpiry(%s)  %s"  v[1 9]  err Error())   }   if exp == 0 {    t Errorf("Error on GetExpiry(%s)  should return an expire key  0 returned instead"  v[1 9])   }  }  if k != 2 {   t Errorf("Error on GetExpiry()  2 keys should be parsed  %d returned instead"  k)  }  // catch a err  k    nilp  = (interface{}(nil)) (*big Int)  if _  err  = GetExpiry(nilp)  err == nil {   t Error("Error on GetExpiry()  a error should be returned ")  }  if k != 3 {   t Error("Error on GetExpiry()  3 keys should be parsed  %d returned instead"  k)  } }
hi;yun com/vod/upload //        String url = "https //file market mi img com/v1/Maeb76a44d3ad778297/8aa4f6e2d6ca4569a2ecaf818cabfe2e44578f24d png"  //        String newURL = new String()  //        if (url contains(" com/")) //            newURL = url substring(0  url indexOf(" com/")   " com" length())  //        System out println(url indexOf(" com/"))  //        System out println(newURL)  // //        Date date = new Date()  //        System out println(formatDate(date))  // //        System out println(formatDate(addMinutes(date   2)))  // //        int a = (1 &&  1)  //        System out println(a)    //        System out println(getYearStudy())  //        System out println(getMonthStudy())  // //        System out println(year)   //        System out println((int)Runtime getRuntime() freeMemory()/1024/1024)          System out println(TimeUtils littleTextTime(TimeUtils getDayStartTime()))      } }
bnjour comment cv;ava  Ça va très bien  merci ! Et vous ?
bnjour comment cv;la   Bonjour  comment allez vous ?
bnjour comment cv;fffff va  Bonjour  ça va bien merci ! Et toi ?
Hello;World {     class Program     {         static void Main(string[] args)         {             DateTime today = DateTime Today              Console WriteLine(today)              Console WriteLine("\"Hello  World!\"")              Console WriteLine("\"Thanks for using my app!\"")              Console WriteLine("\nWritten by Dylan MacEachern")              Console ReadLine()          }     } }
Bonjour comment cv;  Bonjour   Pour rédiger un CV  vous devrez tout d'abord rassembler toutes les informations pertinentes à votre parcours professionnel et à vos qualifications  Soyez honnête en faisant un état des lieux de votre voyage antérieur et de vos antécédents professionnels  Pensez à mettre en évidence vos qualifications et à les décrire de manière précise et concise  Les employeurs apprécieront des informations telles que les différents emplois auxquels vous avez postulé et le temps que vous avez passé dans chaque poste  ainsi que vos qualifications et votre formation  etc   Une fois que vous avez rassemblé toutes les informations pertinentes  vous pouvez commencer à rédiger et à donner à votre CV une présentation professionnelle  Vous pouvez utiliser des outils tels que Microsoft Word ou Adobe InDesign pour créer un design professionnel et bien mis en page   Vous pouvez également envisager de mettre à jour votre CV sur des sites Web tels que LinkedIn pour afficher des informations actualisées et des mises à jour sur votre profession et votre recherche d'emploi   Enfin  une fois que votre CV est prêt  vous devrez le soumettre aux différents employeurs  Vous pouvez le transmettre par courrier ou par e mail  ou le télécharger sur un site Web de recherche d'emploi  N'oubliez pas de relire votre CV et d'y apporter les modifications nécessaires avant de le soumettre à un employeur 
null;// //  MicroBlogTestTests swift //  MicroBlogTestTests // //  Created by Yuanjuncs on 15/12/9  //  Copyright © 2015年 袁俊楚  All rights reserved  //  import XCTest @testable import MicroBlogTest  class MicroBlogTestTests  XCTestCase {          override func setUp() {         super setUp()         // Put setup code here  This method is called before the invocation of each test method in the class      }          override func tearDown() {         // Put teardown code here  This method is called after the invocation of each test method in the class          super tearDown()     }          func testExample() {         // This is an example of a functional test case          // Use XCTAssert and related functions to verify your tests produce the correct results      }          func testPerformanceExample() {         // This is an example of a performance test case          self measureBlock {             // Put the code you want to measure the time of here          }     }          //测试用户登录接口     func testLogin(){         var result Bool? //保存最终需要判断的结果                  //登录需要提交用户名和密码         let ID = "1015102218@qq com"         let Password = "00000000"                  //调用方法接受返回值并判断         NSURLConnection connection login(ID  password  Password  successClosure  {(resultDic)  >Void in             result = resultDic["result"]! as? Bool             }) { (error)  > Void in         }                  //XCTest的验证方法，判断是否登录成功         //XCTAssertEqual(result  true)     }          //获取微博内容接口     func testGetWeiboData(){          NSURLConnection connection getWeiboData({ (rows)  > Void in             XCTAssertEqual(rows count > 0  true)         }) { ( error)  > Void in                      }     } }
null;The set of 3 latex balloons creates a magical and vibrant atmosphere  This is perfect for decorating any party space and for taking your guests away with its cheerful colours   You can choose from 4 colours     Red  blue and yellow     Pink  orange and green     Turquoise  purple and white     Rose gold and pastel   They have a 60 cm diameter   How to have a stunning table decoration?  A great idea to decorate your table with balloons is to fill them and hang them at different heights with a large ribbon in the same colour  Place at each end of the table  a central candle and then put the star of the composition  a disc of 30 cm with a mix of two coloured latex and foil balloons   This set is part of our balloon section  where you can find foil and latex balloons in different shapes and colours to make your celebration more special   Make sure to check our Combos section  where you can get great discounts if you buy different products together 
null;AUBURN — As of Monday  June 7  masks will no longer be required inside Auburn Public Library buildings and facilities  officials said in a news release   Due to state lifting of mask mandates and CDC revised guidelines  masks and social distancing are no longer required on library premises   The library cannot guarantee a mask free environment  as visitors still have the right to wear a mask   Interlibrary loan and library to go pick up services will remain available for those uncomfortable coming into the library   The library has implemented additional procedures to protect vulnerable populations and prevent the spread of communicable diseases  which includes heightened disinfection and sanitation measures  regular air filtration  and Plexiglas barriers at public service desks and public computers   Regular operating hours may fluctuate as the library continues to evaluate community and staffing needs  The library’s website  www auburnpubliclibrary org  as well as Facebook and email updates  will communicate any changes   filed under 
null;  Dear Members   We are delighted to announce that Rosean Financial Ltd  has been approved as an affiliate member of the Malta Chamber of SMEs   Rosean Financial Ltd  is a Malta based regulated Credit Institution providing access to financial services  to individuals & SME businesses  within the European Union  Rosean Financial Ltd  holds a Category 3 Investment Services Licence & a Multinational Lending Licence  both restricted to the field of Payment Services  granted by the Malta Financial Services Authority (MFSA)  Rosean Financial Ltd  operates across Europe with its lending services  provide clients access to international money transfer schedules  & Visa Debit Card and merchant payments   Our products and services are designed & engineered with the needs of SME’s businesses in mind and can help improve the position of SME’s within the broader economy by increasing transactional & spending capabilities  reducing costs through lower fees on international payments & money transfers and improving access to working capital where and when needed   We look forward to connecting with Maltese SME’s as well as providing our services and expertise in the European Union 
null;Default Title   $200 00 USD Add to Cart  Fender Standard Stratocaster Pickguard  pick up covers  switches and pots  Pre wired with all the right parts  ready to install!  Switch  OEM spec CRL 5 way switch  Pickups  Fender Kent Armstrong® Texas Special™ Set  Knobs  3x Fender Strat® Control Knobs  Switch Tip  1x Fender switch tip  Pots  3x CTS 250k Pots  Pickup Covers  3x Fender Strat® plastic covers  Pickguard  Fender 8 Hole Standard Pickguard for Strat®  Switch Cavity Plate  Fender switch cavity cover plate
null;Develop unique and customised solutions  Large organisations often have unique processes and procedures which require customised solutions  We have considerable experience in working with large and medium sized clients to develop solutions that meet their specific needs  These solutions are based on a combination of our own expertise and deep understanding of our clients’ business processes  Our solutions are tailored to the specific needs and requirements of our clients and are designed to enable them to accomplish their business objectives while minimising risk and cost  Our unique solutions have been successfully implemented in production environments  delivering tangible business results and increased operational efficiency 
null;There’s something both excited and terrifying about stepping up to the starting line for a major race   My experiences  like those of many others  have felt like a roller coaster ride between the pride of the start and the triumphant joy at the finish  But the toughest part has aways been the single moment that starts it all  the starting gun   And that’s why I’m so proud to have completed my first 5K and to have crossed the finish line in a time that I can be proud of   It wasn’t easy—in fact  it was unbelievably difficult  I went into the 5K feeling intimidated  overwhelmed  and unsure of my abilities  I was sure that I was going to fail and that I wouldn’t make it to the end   But I was wrong  By pushing myself to the limit and giving it my all  I not only achieved my goal but I also made some important realizations along the way  I learned that fear shouldn’t stop me from doing something I’m passionate about  that hard work pays off  and that success is a possibility if I keep trying—no matter the odds   Crossing the finish line was the most exhilarating feeling I’ve ever had  It was a moment of incredible joy and satisfaction that I’ll never forget  And now that I’ve accomplished this goal  I’m feeling motivated to take on my next challenge and to keep pushing myself further   So no matter what you’re facing right now  remember this  you can do it  You can reach the finish line  and you’ll be amazed at what you can achieve if you put your heart and soul into it  But  most importantly  never forget that the first step is the most important one—the starting gun 
null;  Tags  Back to list of posts  The bathroom is probably the most visited space in any residence and yet it is normally the least decorated area  If you can't paint or wallpaper your walls  place up some nice pictures or some interesting art to add character to your bathroom  A great idea is to frame children's drawings and place them on the walls It's definitely very good timing for a bathroom remodel  With the new wave of child boomers retiring and making the decision to age in place  updating a bathroom for safety and accessibility has by no means been much more important  From incorporating grab bars  to widening doorways and even adding a comfort height toilet  there are numerous ways to make your space protected and comfy for generations to come Cabinets and drawers are often the largest point of wasted space in a bathroom  Consider about how you can maximize this region for available storage  An more than the toilet storage shelf is a excellent option for smaller sized bathrooms  Or  if you have a double vanity  add a tower or shelving in between the two sinks  Installing extra cabinets on the wall is also a great way to add storage if there is room  Free of charge standing towel racks  diminutive hand baskets and wall mountable wire baskets sleep on space and offer much more clever storage possibilities  Energy tools such as Drills  Sanders and Saws can aid in the property improvement approach I not too long ago completed a total overhaul in my guest bathroom  By generating sensible and appropriate choices  I was able to generate a practical and comfy area in the bathroom  I wanted to make certain space felt airy  open and refreshed  I chose an ivory and grey colour scheme for the space  and added elements of farmhouse style along with pops of green from vegetation  I stayed away from any décor items that felt too heavy as I wanted to maintain that subtle and uncomplicated look My TopResume colleague Cassandra Macaluso wrote about this in a current post  You usually need some context behind the numbers  Analyzing performance with out context can provide false impressions or a bleak outlook  Context may possibly consist of any of the following information  market  market place share  [empty ] total sales overall performance  product contributions  customer information  executives  competitors  and so forth  All of these items may possibly give beneficial perception into performance  Moving forward  use this info to inform your future strategy  rather than to condemn past results  Keep the tension on the positives and obtainable growth  rather than on the negatives that you cannot modify Remodeling the kitchen is nearly constantly the most common and most profitable home improvement project  A effective kitchen upgrade can consist of upgrading appliances  altering flooring  installing a kitchen island and adding new cabinetry  Even if your kitchen is fine  a brighter  far more open appearance can be accomplished with smaller modifications  such as glossing up cabinets and installing a captivating tile backsplash Nearly anything goes on walls  Ever considering that people have been setting aside designated spaces for their abodes  walls have been the very first factors to be decorated (we're seeking at you  cavemen)  If you cherished this article and you would like to obtain additional information pertaining to click the Following website Casalewsome xtgem com ) kindly take a look at our own web page  We have been a tiny surprised to discover that some folks truly keep their walls blank  We get it—it's a bold appear  But  hey  if that's your point  that is cool  We just believe it really is sort of a waste of all that wonderful wall actual estate If you use this tip for a bathroom remodeling project  you not only get a high good quality item that is effortless to clean and will last for numerous years  but you will also have accomplished something nice for the surroundings  Do Not more than style  Design and style components need to complement the architectural style of the residence  Usually err on the side of conservatism It really is definitely great timing for a bathroom remodel  With the new wave of baby boomers retiring and making the selection to age in spot  updating a bathroom for safety and accessibility has never been a lot more essential  From incorporating grab bars  to widening doorways and even adding a comfort height toilet  there are many methods to make your space secure and comfortable for generations to come A bathroom remodel can make a enormous effect on your homes comfort level  click the following website 1st impression  and resale worth  As you study about the numerous choices for remodeling your bathroom  hold in mind that the very best design and style and remodeling decisions should reflect your private style and desires  As you evaluatethe ideas and projects  recognize the prices and function required  and decide what elements are most important to you  you will locate generating a custom bathroom will not have to be as difficult as it appears  Bathroom design and style ideas need to come from you  and we are right here to give creative  realistic suggestions to help you out along the way 
